Workbook

Sheet Analytics
B2: Capital One Card Report
B4: Generated: | C4: 46210.65
B5: Date range (Transaction): | C5: 5/16/2026 – 6/16/2026
B6: Card number(s): | C6: 3390, 4419, 5527, 7761, 8102
B8: OVERVIEW
B9: Total transactions: | C9: 92
B10: Grand Total (Debit): | C10: ='Capital One Card'!C133
B11: Grand Total (Credit): | C11: ='Capital One Card'!D133
B13: BY CATEGORY
B14: Category | C14: Transactions | D14: Debit | E14: Credit
B15: Dining | C15: 8 | D15: ='Capital One Card'!C11 | E15: ='Capital One Card'!D11
B16: Entertainment | C16: 9 | D16: ='Capital One Card'!C23 | E16: ='Capital One Card'!D23
B17: Gas/Automotive | C17: 10 | D17: ='Capital One Card'!C36 | E17: ='Capital One Card'!D36
B18: Health Care | C18: 4 | D18: ='Capital One Card'!C43 | E18: ='Capital One Card'!D43
B19: Insurance | C19: 1 | D19: ='Capital One Card'!C47 | E19: ='Capital One Card'!D47
B20: Internet | C20: 6 | D20: ='Capital One Card'!C56 | E20: ='Capital One Card'!D56
B21: Lodging | C21: 3 | D21: ='Capital One Card'!C62 | E21: ='Capital One Card'!D62
B22: Merchandise | C22: 25 | D22: ='Capital One Card'!C90 | E22: ='Capital One Card'!D90
B23: Other | C23: 3 | D23: ='Capital One Card'!C96 | E23: ='Capital One Card'!D96
B24: Other Services | C24: 12 | D24: ='Capital One Card'!C111 | E24: ='Capital One Card'!D111
B25: Other Travel | C25: 6 | D25: ='Capital One Card'!C120 | E25: ='Capital One Card'!D120
B26: Payment/Credit | C26: 3 | D26: ='Capital One Card'!C126 | E26: ='Capital One Card'!D126
B27: Professional Services | C27: 2 | D27: ='Capital One Card'!C131 | E27: ='Capital One Card'!D131

Sheet Capital One Card
A1: Transaction Date | B1: Description | C1: Debit | D1: Credit
A2: Dining
A3: 46187 | B3: CHIPOTLE 1885 | C3: 24.65
A4: 46181 | B4: DOORDASH*RUBIOS COASTAL | C4: 99.06
A5: 46180 | B5: HEIRLOOM A MODERN FARM | C5: 196.97
A6: 46165 | B6: IN-N-OUT BURGER #112 | C6: 18.34
A7: 46183 | B7: SQ *MAJESTIC INDUSTRY | C7: 39.51
A8: 46161 | B8: SQ *MAJESTIC REFUND | D8: 39.51
A9: 46186 | B9: STARBUCKS #08812 | C9: 6.75
A10: 46175 | B10: TST*MARIO'S BUTCHERY & | C10: 130.84
A11: Dining Total | C11: =SUM(C3:C10) | D11: =SUM(D3:D10)
A13: Entertainment
A14: 46173 | B14: AUDIBLE*BW2QY7 | C14: 14.95
A15: 46160 | B15: BVE*BeenVerified.com | C15: 32.89
A16: 46168 | B16: CEP*THE HUNTINGTON CL | C16: 1981.27
A17: 46179 | B17: CROSSFIT SURF CITY | C17: 370
A18: 46166 | B18: FSP*T & A JUMPERS AND | C18: 579.65
A19: 46176 | B19: HULU 877-8244858 | C19: 17.99
A20: 46183 | B20: LA FITNESS 000000 | C20: 34.99
A21: 46168 | B21: SIRIUSXM.COM/ACCT | C21: 21.99
A22: 46187 | B22: SPOTIFY USA | C22: 11.99
A23: Entertainment Total | C23: =SUM(C14:C22) | D23: =SUM(D14:D22)
A25: Gas/Automotive
A26: 46173 | B26: 76 - APRO LLC 2708886 | C26: 100.14
A27: 46172 | B27: ACE PARKING 2604 | C27: 3
A28: 46181 | B28: ARCO 915737 | C28: 107.94
A29: 46185 | B29: CHEVRON 0356005 | C29: 114.94
A30: 46183 | B30: EXXON HB FUELS INC | C30: 70.24
A31: 46174 | B31: FROGS EXPRESS WASH | C31: 11.4
A32: 46168 | B32: SHELL OIL 12651332004 | C32: 1.08
A33: 46188 | B33: SHELL OIL 57444291 | C33: 52.18
A34: 46163 | B34: THE DEPOT 3 | C34: 10.25
A35: 46175 | B35: THE TOLL ROADS OF OC | C35: 55
A36: Gas/Automotive Total | C36: =SUM(C26:C35) | D36: =SUM(D26:D35)
A38: Health Care
A39: 46173 | B39: BLVD *HYDRATION ROOM | C39: 149
A40: 46161 | B40: CVS/PHARMACY #09823 | C40: 42.68
A41: 46174 | B41: FUNCTION HEALTH | C41: 948
A42: 46185 | B42: IN *IOSM DBA ON-SITE H | C42: 615
A43: Health Care Total | C43: =SUM(C39:C42) | D43: =SUM(D39:D42)
A45: Insurance
A46: 46175 | B46: CA CONTRACTORS INS SVC | C46: 331
A47: Insurance Total | C47: =SUM(C46:C46) | D47: =SUM(D46:D46)
A49: Internet
A50: 46166 | B50: ADOBE *CREATIVE CLOUD | C50: 54.99
A51: 46185 | B51: APPLE.COM/BILL | C51: 2.99
A52: 46170 | B52: DROPBOX*8YT2FQ9 | C52: 11.99
A53: 46174 | B53: GOOGLE *YOUTUBEPREMIUM | C53: 13.99
A54: 46181 | B54: OnStar, LLC | C54: 34.99
A55: 46177 | B55: WWW.USE.AI/US | C55: 29.99
A56: Internet Total | C56: =SUM(C50:C55) | D56: =SUM(D50:D55)
A58: Lodging
A59: 46185 | B59: MARRIOTT HOTELS 5541 | C59: 342.11
A60: 46168 | B60: PACIFIC PALMS RESORT F | C60: 62.68
A61: 46181 | B61: PELICAN HILL RESORT | C61: 327.16
A62: Lodging Total | C62: =SUM(C59:C61) | D62: =SUM(D59:D61)
A64: Merchandise
A65: 46186 | B65: AMAZON.COM*RT4G9, LLC | C65: 156.03
A66: 46174 | B66: AMZN MKTP US*2K4XY | C66: 0.99
A67: 46163 | B67: BEST BUY 00014539 | C67: 1299.99
A68: 46174 | B68: BROOKS BROTHERS #123 | D68: 289.5
A69: 46185 | B69: COSTCO WHSE #1043 | C69: 412.88
A70: 46175 | B70: CROWN ACE HARDWARE | C70: 24
A71: 46171 | B71: JACK SURFBOARDS- HUNTI | C71: 282.23
A72: 46172 | B72: MOTHER'S MARKET & KI | C72: 84.12
A73: 46173 | B73: NADY'S MARKET | C73: 6.08
A74: 46160 | B74: NORDSTROM #0219 | C74: 456.78
A75: 46184 | B75: PAYPAL *REFUND SPORTS | D75: 45.2
A76: 46180 | B76: PELOTON* MEMBERSHIP | C76: 49.99
A77: 46178 | B77: PRIMO BRANDS/WATERSERV | C77: 282.1
A78: 46168 | B78: REI #11 SAN DIEGO | C78: 213.47
A79: 46175 | B79: TARGET 00027544 | C79: 118.76
A80: 46175 | B80: THE HOME DEPOT #0668 | C80: 827.32
A81: 46185 | B81: THE HOME DEPOT #6680 | C81: 1045.17
A82: 46168 | B82: THE HOME DEPOT #6963 | C82: 301.56
A83: 46183 | B83: THE SHERWIN-WILLIAMS C | C83: 161458.08
A84: 46189 | B84: TRADER JOE'S #142 | C84: 87.32
A85: 46162 | B85: TRUTHFINDER | C85: 34.99
A86: 46183 | B86: VISTA PAINT CORP HQ | C86: 31458.47
A87: 46173 | B87: VONS #3160 | C87: 74.22
... A89: 46185 | B89: WHOLEFDS HB 10269 | C89: 94.57
A90: Merchandise Total | C90: =SUM(C65:C89) | D90: =SUM(D65:D89)
A92: Other
A93: 46165 | B93: CITY OF REDLANDS | C93: 110
A94: 46177 | B94: MASTERCLASS.COM/CHARGE | C94: 339.15
A95: 46188 | B95: NETFLIX.COM | C95: 15.49
A96: Other Total | C96: =SUM(C93:C95) | D96: =SUM(D93:D95)
A98: Other Services
A99: 46181 | B99: CA DMV FEE | C99: 31.26
A100: 46169 | B100: CHARITY GOLF GAME | C100: 150
A101: 46177 | B101: CITY OF HOPE | C101: 1000
A102: 46168 | B102: CITY OF NB | C102: 221
A103: 46175 | B103: IN *ADVENT PACKAGING | C103: 14429.6
A104: 46168 | B104: OBP*SVC FEE SAN DIEGO | C104: 1.55
A105: 46181 | B105: STATE OF CALIF DMV INT | C105: 3067
A106: 46185 | B106: STERICYCLE, INC | C106: 120
A107: 46173 | B107: THE UPS STORE 4821 | C107: 42.15
A108: 46174 | B108: USPS PO 0562340138 | C108: 8.6
A109: 46174 | B109: WILD BILL'S SPRAY EQUI | C109: 1241.19
A110: 46161 | B110: YORBA LINDA BUSINESS L | C110: 104
...
